name,rating,reviews,phone,website,address,query
Southlake Floors TX,5.0,3,+16823062532,https://southlakefloors.com/,"2001 Vista View Rd, Keller, TX 76262, United States",carpenter in dallas
DW Cabinetry,4.8,20,+12142428975,https://dw-cabinetry-dallas.com/,"10676 King William Dr, Dallas, TX 75220, United States",carpenter in dallas
First Carpentry,5.0,18,+19727059901,http://www.firstcarpentry.com/,"7114 Manor Oaks Dr, Dallas, TX 75248, United States",carpenter in dallas
Group Carpenter's LLC,4.8,36,+14696848492,http://groupcarpenters.com/,"10831 N Central Expy, Dallas, TX 75231, United States",carpenter in dallas
Christian Carpentry LLC,4.5,53,+14697272895,http://www.christian-carpentry.com/,,carpenter in dallas
Mr. Handyman of Dallas,4.6,540,+12148387162,https://www.mrhandymandallastx.com/,"5930 Lyndon B Johnson Fwy #250, Dallas, TX 75240, United States",carpenter in dallas
East Dallas Carpentry,5.0,1,+14692685146,,"9965 Royal Ln Ste 29, Dallas, TX 75231, United States",carpenter in dallas
Texas Trim Carpentry,4.8,21,+12145646365,https://texastrimcarpentry.com/,"209 Los Cabos Dr, Dallas, TX 75232, United States",carpenter in dallas
Garcia's Wood and More,5.0,13,+14696614839,,,carpenter in dallas
Garcia Carpentry,5.0,1,+12147366976,,"10520 Plano Rd #100, Dallas, TX 75238, United States",carpenter in dallas
JJ Custom Trim carpenter + Design Llc,5.0,51,+12142897049,https://www.facebook.com/profile.php?id=100068247151779&mibextid=LQQJ4d,,carpenter in dallas
California Closets - Dallas,4.9,402,+12143511000,https://www.locations.californiaclosets.com/california-closets-dallas-dcb99046d694?utm_source=GMB&utm_medium=local&utm_campaign=GMB,"4443 W Lovers Ln, Dallas, TX 75225, United States",carpenter in dallas
Innovations Carpentry,5.0,22,+18176427176,https://innovationscarpentry.com/,"2800 W Division St E1, Arlington, TX 76012, United States",carpenter in dallas
Prestige Carpentry,5.0,3,+17862957938,https://www.prestigecarpentrytx.com/,"8316 Lake Anna Dr, Dallas, TX 75217, United States",carpenter in dallas
Best Carpentry,5.0,2,+12143423300,,"11560 Chairman Dr, Dallas, TX 75243, United States",carpenter in dallas
F.U Custom Carpentry,5.0,3,+19725154647,https://carpenterdallastx.com/,,carpenter in dallas
Finish Carpentry LLC,5.0,2,+12144375788,,"10229 Cayuga Dr, Dallas, TX 75228, United States",carpenter in dallas
Wood Gem,4.8,33,+12147731394,http://www.woodgemcustomcabinets.com/,"3680 Dilido Rd #104, Dallas, TX 75228, United States",carpenter in dallas
KC Woodwork,4.6,20,+19452571345,https://kccustomwoodwork.com/,"2970 Blystone Ln suite #102, Dallas, TX 75220, United States",carpenter in dallas
Apple Tree Home Works,5.0,6,,http://appletreehomeworks.com/,"4938 Swiss Ave, Dallas, TX 75214, United States",carpenter in dallas
Dallas Carpentry,,,+14693005544,,,carpenter in dallas
Prestige Painting & Carpentry Solutions,5.0,11,+14698992996,https://prestigepaintingcarpentrysolutions.com/,"633 W Davis St, Dallas, TX 75208, United States",carpenter in dallas
Home Platinum Services LLC,4.9,123,+19728632117,https://www.homeplatinumservices.com/,"1400 Preston Rd Ste 400, Plano, TX 75093, United States",carpenter in dallas
Z paintings,5.0,11,+18179085153,https://zpaintings.com/,"3839 McKinney Ave, Dallas, TX 75204, United States",carpenter in dallas
Renowned Group,4.9,43,+19722327122,http://www.renowned-group.com/,"4848 Lemmon Ave #106, Dallas, TX 75219, United States",carpenter in dallas
